姓名,政治聯繫,政綱,備註,候選人類型
梁國雄,社會民主連線,諸位：2004 年 9 月 9 日，我在立法會選舉前舉行「長毛長征」宣傳，步行 9 小時橫跨新界東選區。有此一舉，乃因1976 年此日，就是毛澤東死去之時，寓意與國人同共努力，開啟歷史新篇，告別一黨專制！不想今年 9 月 9日，竟是立法會選舉日。此刻「國民教育」苛政肆虐，土共特首甫上權壇，就火速以洗腦必修科，奴化中、小學童，為再次強立基本法第 23 條投石問路。自身僭建在先，說謊在後，不敢交代失德失信真相，反而奢談德育，不惜荼毒莘莘學子，以取悅北京「太上皇」，報答蒙其欽點成為「兒皇帝」之恩，梁振英及其家臣蜂擁為洗腦教育護航，既凸顯「權力令人腐敗，絕對權力，絕對腐敗」之至理，也印證「壞制度令壞人掌權行惡，又令壞制度更形貪敗」，確實禍國殃民。香港小圈選舉托庇於國內一黨專政，藏污納垢，結果就是官商勾結，貧富懸殊，少數人憑權勢作惡自肥，把快樂建築在我們痛苦之上。八年議員生涯，議會內外抗爭，不論辭職發起「五區公投」而受政訐，又或衝擊遞補機制論壇判監，以至甘冒金錢損失提出司法覆核……都袛是我這個平民議員薄盡綿力，同大家長征的其中一個腳印！自然，他們視我為眼中釘，肉中刺。我贏，大家吐氣揚眉；我輸，權貴額首稱慶。撐長毛，等於撐自己。今年 9 月 9 日，撐長毛，一票不可少！,,地區
陳偉業,人民力量,守護香港 彰顯公義拉布為美好未來人民力量透過拉布，令旨在政治分贓的五司十四局建議及侵犯創作自由的網絡廿三條胎死腹中。雖然有人誤解拉布浪費公帑及時間，事實並非如此，拉布行動令政府惡法在過去廿多年來首次不獲通過。面對以梁振英為首的港共政權、濫用權力粗暴對待手無寸鐵示威者的警方、洗腦式奴化學生的國民教育、欠缺充份諮詢而剝奪市民權利的惡法，我們深信必需繼續透過議會內外的理性抗爭方法例如拉布，捍衞香港核心價值，制衡不擇手段的強權政府。人民力量是新興的政治力量，充滿朝氣，不畏強權。我們亦重視地區發展，倡議以新規劃建立新社區，締造新生活，以改善市民生活質素。我們懇切呼籲大家投票支持人民力量候選人，齊創民主民生新出路，向港共政權說不。我們要求…盡快普選行政長官及立法會全部議席當局立即取消德育及國民教育科，維護學生獨立思考空間復建居屋，增建公屋振興本土經濟，創造就業，改善貧窮問題透過修改入境條例，就非本地婦女來港產子事宜採取適當管制取消強積金，設立全民退休保障計劃最低工資增至 33 元，並盡快立法制訂最高工時回購港鐵、領匯及東西隧開放電力市場，打破兩電壟斷訂立貧窮線，將綜援金額提升至合理水平，設立失業援助金將學前教育納入免費教育，並實施十五年免費教育爭取少數族裔平等權利向每名市民派發八千元促進綠化環境，保護自然生態,,地區
陳志全,人民力量 / 前綫,陳志全（慢必）、袁彌明決心守護香港，因為我們都深愛香港，深愛著香港的生活方式。縱然香港歷盡風雨，只要參選能為民請命，即使放棄外國國籍也毫不足惜。港人治港 岌岌可危年初特首選舉已揭示中聯辦公然干預香港內政，港人核心價值岌岌可危。莘莘學子將受國民教育所累，恐被謊言洗腦。當小學生和 BB 都在 37 度高溫中參與遊行的時候，你能袖手旁觀嗎？魯迅先生有云：救救孩子！梁振英為人剛愎自用，漠視程序公義，鐵證如山，港人有目共睹。我們的核心價值正面臨重大威脅。我們的競爭對手就是梁振英特首小圈子選舉告訴我們，「守護香港」僅如下立法會直選這一道最後防線，也是對抗誠信破產的梁振英政權的唯一希望。無止境的退讓只會令香港有一天變成「大陸城市」，若你對內地「被失蹤、被自殺」、遍地貪污枉法、假毒產品等事毫無感受，大可不必理會我們的堅持。反之，若你仍深愛香港，請投我們一票，讓我們以一切可行方法維護港人的尊嚴與自由，一同守護香港。,,地區
黃毓民,人民力量,反對港共治港 旗幟鮮明爭取全面普選 絕不妥協拒絕共黨洗腦 立場堅定捍衛基層弱勢 義無反顧「正其誼不謀其利，明其道不計其功」黃毓民沒有個人利害，只有公是公非，是九龍西選民最好的選擇！個人網頁 www.yukman.hkFacebook www.facebook.com/raymond.yukmanYoutube www.youtube.com/user/yukman2010,,地區
范國威,新民主同盟,1. 修改基本法，取消雙非嬰兒居港權2. 限制境外人士炒賣樓宇，落實增建公屋3. 研究香港自由行旅客盛載量4. 反對中港自駕遊計劃5. 訂立長遠人口政策，取回單程證審批權6. 實施十五年免費教育，撤回國民教育科7. 爭取雙普選，撤功能組別及區會委任制8. 反對網絡廿三條，捍衛二次創作權9. 捍衛司法獨立，促進平權10. 增加公營醫療開支，加強專科門診服務11. 發展綠色經濟，促進多元產業12. 制訂配合人民幣國際化的政策，完善金融監管制度13. 落實全民退休保障14. 立法制訂標準工時，恢復集體談判權15. 回購公用事業，停止私有化公用服務16. 改革稅制，確保「能者多付」,,地區
毛孟靜,公民黨,守護香港拒絕大陸化我們的教育，不能大陸化 - 讓孩子給洗腦 !我們的傳媒，不能大陸化 - 不然日日歌頌政府 !我們的官場，不能大陸化 - 貪污嚴重，官商勾結！我們的人權，不能大陸化 - 還看李旺陽被自殺的悲慘下場 !我們的法治，不能大陸化 - 拿諾貝爾和平獎的劉曉波，竟然要坐監！共同守護香港香港是我家，這份感覺，大家都前所未有地重。我和許多人一樣，在這小片土地出生長大，得到了許多許多，今日，繼續有魄力有信心，企硬民主，回饋這個城市。上屆立會選舉，我輸了，差一點。這一次捲土重來，傾力以赴，我深信在哪兒跌倒，就在哪兒站起來！懇請九西選民投我一票﹕我堅守民主原則，在議會只會投民主理念的票，不「貪」也不「奸」。我重內涵高於外表，相信落手落腳「做」，比得把口「講」更重要。一些未廣受注意的議題，包括族裔平等、市集文化、動物權益等等，我承諾會一樣着着爭取護航。今日的新聞，明日的歷史。向歷史交代，為下一代負責。香港人，代表文明。我向文明彎腰，求你一票！毛孟靜,,地區
梁耀忠,街坊工友服務處,「街工」: 一個基層勞工團體，廿七年來，一直紮根基層社區，為基層、工友爭取權益。政治和經濟霸權不斷侵蝕我們的生活空間，形成「高樓價」、「高租金」和「高通脹」；大財團及特權階級正透過功能組別互相勾結及輸送利益，導致普遍基層工友要面對長工時、低工資以及飯碗不穩定的處境，所以我們必須要踢走功能組別，爭取雙普選，結合民間力量，透過議會內外去推動改革，捍衛巿民的合理生活權益和尊嚴。為勞工出頭　 勞工假期增至 17 日；訂立月事假、侍產假。　 政府停止外判，開創更多職位，保障就業穩定。　 調高最低工資，落實一年一檢，維持合理收入水平。　 立法標準工時，確保超時工作獲得合理保障。　 訂立集體談判權，保障工會法定地位。　 設立全民退休金，保障退休生活。為貧者出力制訂貧窮線及開徵累進利得稅，縮窄貧富差距。設立低收入家庭生活補助，紓緩在職貧窮。增建公營房屋，每年不少於 35000 個單位，解決劏房、天台屋及籠屋居民的住屋問題。容許交通津貼以個人或家庭申請。增加基層就業出路，重發小販牌，促進社區經濟。為弱勢出聲完善傷殘人士交通配套設施及票價優惠制訂傷殘人士就業配額及工資補貼制度加強支援特殊學習需要的學童。完善現行托兒服務及增設課外活動津貼。為民主奮鬥特首及立法會雙普選。反對基本法廿三條立法及「洗腦」國民教育。維護港人治港，高度自治；反對中共政權的干預；結束一黨專政、建設民主中國，促進香港民主化。反霸權、保民生！請投「街工」！梁耀忠黃潤達,,地區
何秀蘭,工黨,為香港，工黨要做得更好！特區成立十五年，市民生活沒有好轉。基層每日在經濟困境掙扎，看不到希望；中產愈來愈沒有安全感，每日面對無窮盡的競爭；政府縱容財團壟斷財富，大多數港人拼了氣力求生存，沒有生活可言。市民在議會外，亦感受到議會的局限，功能組別佔據了議會一半，政府數夠票便強行通過不合理的政策法例。我希望得到市民信任，繼續在立法會本著良知說話，就算伸張公義遇到障礙，亦無所畏懼，不亢不卑。因為我相信公民社會的力量，只要擺清楚事實，講清楚道理，市民就會一齊起來守護香港，正如反對 23 條立法，市民和平的力量能夠補議會的不足。我與 80 後鄭司律、工會領袖鍾松輝組成工黨團隊在港島參加立法會地區直選。我們決志推動民主基建，行公義，保衛香港的核心價值。我懇請市民相信和平的力量，因為，堅持，就會有轉機。,,地區
張超雄,工黨,讓下一代活在公義社會！回歸十五年，經濟膨脹了超過五成。政府儲備二萬多億，足夠經常開支十年！貧窮人口卻增至一百多萬！有超過十萬人居住於劏房。有長者要撿紙皮過活。病人覆診期越來越長，急症室要等六、七個鐘頭！癌症病人有藥沒有錢醫！多年拒絕增加大學學額！可是，香港政府卻罔顧民生，任由問題惡化，只顧財團利益，助長地產霸權肆虐。作為社工、學者及智障孩子的爸爸，我無法坐視不理。無論在議會內外，我不斷組織弱勢群體爭取權益。例如為殘疾學童爭取讀書權，亦促使政府把罕有病及一些嚴重疾病的藥物列入資助藥物名冊，及推行長者及殘疾人士交通優惠。前香港大學學生會會長郭永健積極參加學運社運，曾組織大專 2012 參與「五區公投」，並在港大「八一八」事件中抗議警方濫權。我們參選，就是要讓每人都能活得有尊嚴、讓下一代活在公義社會！我們致力推動：增加大學學額，實行中學小班教學，十五年免費教育；標準工時立法，讓父母與子女有時間樂聚天倫；環保減廢，令社會能永續發展；增建公屋，復建居屋；用社會保險提供全民退休、失業、及殘疾保障。,,地區
陳家洛,公民黨,"回歸 15 年, 西環干政,洗腦教育逼近, 23 條亦不遠,港人自由, 危在旦夕,泛民力保立法會 24 席否決權,港島形勢絕對危急,9 月 9 日, 不認命, 站出來。",,地區
張國柱,社工總工會 / 工黨,張國柱與你走在前：1. 為福利規劃 - 要求政府明確訂立可量度的社會福利發展指標；2. 為年青社工 - 爭取將公平待遇列入機構必須遵從的規範；3. 為扶助貧困 - 設立負入息稅，保障基層市民的基本生活水平，實施「全民退保」制度，保障每個人的晚年生活；4. 為真正普選 - 掃清「高門檻」和「預選」，落實真普選。我的詳細政綱，請瀏覽：http://走在前.香港加入我的 facebook 群組：http://www.facebook.com/petercheungkwokche,,功能
郭家麒,公民黨,齊抗赤化堅守公義 遇強愈強,,地區
李卓人,工黨,要更好回歸十五年，種種民生、管治問題一波一浪而至，由衣食住行到生老病死，總是未如人意，教人洩氣。工黨相信，市民值得更好，香港可以更好！工黨堅定不移、有理有節，決意與市民並肩而上，一起實現更好的香港。就業要更好制定標準工時，加班要有補水將所有公眾假期納入為有薪勞工假每年根據基本生活需要調整最低工資確立集體談判，平衡勞資關係生活要更好拉近貧富差距，促進平等機會為在職貧窮家庭提供生活津貼設立全民退休保障加快興建公屋和居屋，照顧基層和年青人居住需要增加大學資助學額，擴大高中及副學士生出路監察公共事業收費和服務質素改善空氣質素，減低溫室氣體排放政府要更好盡快實行雙普選，還政於民捍衛言論和新聞自由，守護香港核心價值抗衡金權政治，打破官商勾結維護廉潔制度，杜絕貪污腐化反對西環治港，叫停洗腦國民教育,,地區
梁家傑,公民黨,打不死 靠得住擋住香港赤化回歸 15 年，香港正急速赤化，9 月立法會選舉是一場關鍵對決：自由 vs 專制；法治 vs 人治；民主 vs 獨裁；獨立思考 vs 洗腦教育……港人治港 vs 西環治港,,地區
黃碧雲,民主黨,民主黨九龍西立法會選舉黃碧雲 張文光 團隊爭氣．發揮民主正能量我們的關注和願景．建設公義社會、陽光問責政府．力爭真普選、重建香港價值．監察警權 、保障公民權利、新聞自由與學術自由．推動以民為本的九龍西城市規劃．關注教育質素、培育社會棟樑．促進男女平權、支援家庭需要,,地區
劉慧卿,民主黨,"親愛的選民:我們代表民主黨參選,希望在議會內繼續為市民發聲。回歸 十五年,中央政府多次干預香港事務,如在三月的行政長官小圈子選舉極力協助梁振英當選,香港人珍惜的言論自由和廉潔制度岌岌可危;當局又縱容地產霸權,令貧富縣殊問題加劇,更力推洗腦式國民教育,毒害下一代。我們參選只有一個信念:不怕權貴,為民發聲,不平則鳴。 我們要重建一國兩制,捍衛民主自由,在議會內外監察政府, 爭取市民的權益,說你很想說,但沒人敢為你說的話。我們希望得到你的支持,請對我們投下信任的一票!劉慧卿 柯耀林 林少忠 林咏然 謹上二零一二年八月•廢除所有功能組別，不遲於 2017 年普選行政長官及 2020 年普選立法會。•「一國兩制，高度自治」，中央政府不得干預特區事務。•反對「洗腦」式國民教育及教育部門政治審查與查察。•捍衛新聞和表達自由，維護法治和公義。",,地區
胡志偉,民主黨,各位市民： 你們好！我是胡志偉，今年 49 歲，在社會運動上奮戰了 20 年，並且有 17 年在議會的議政經驗。由早年林鉅成醫生至華叔、華明在九龍東的每一場選戰，每一項爭取都有我胡志偉的全力參與。過去數屆的區議會選舉，我曾是全港及泛民的「票王」，我的政績及能力客觀上受到選民肯定。我今次與民主黨兩位年青黨員莫建成、韓家銘共組團隊參選。我們的信念是爭取民主，改善民生。今屆李華明不再角逐連任，胡志偉的參選更感任重道遠。因為以現時的政治情況，勝敗已非個人榮辱，而是泛民能否有足夠的議席抗衡建制派，保住立法會中的否決權。希望過去支持我、支持華叔及華明的朋友，繼續支持民主黨，讓我繼續代表大家於立法會內為市民發聲。衷心感謝你！各位老友記﹕我、李華明和胡志偉在九龍東拍檔近 20 年。他是一名有學識、有能力的議員。一直支持我的街坊，請你信任胡志偉，支持他繼續為九龍東居民，為香港人服務！胡志偉絕對是我信任的接棒人，我呼籲你支持他！,,地區
單仲偕,民主黨,梁振英由 689 票選出只有數個月，其言行卻在破壞香港人一直引以為傲的香港價值。未來五年，倘若香港人不致力保護我們的民主、自由、法治、廉潔、公平公義、誠信和透明等的香港價值，難保香港不會出現「被自殺」、「被失蹤」等事件。此時此刻，香港價值正處彌留狀態! 單仲偕團隊會秉承民主黨的精神，以理性務實的原則，為香港市民爭取民主，為落實全面普選特首和立法會而奮鬥，並承諾會全心全意為香港市民服務。要保住香港，重建香港價值，就讓我們一起踢走建制派，投票予能夠捍衛和重建香港價值的民主黨。,,地區
葉建源,香港教育專業人員協會,不附建制 不畏強權 獨立自主 捍衛專業請支持 教協會 葉建源捍衛教師權益 減輕工作壓力 維護核心價值照顧中產弱勢教育是我的終身事業。我當過老師、校長、教育學院講師，主力培訓校長老師和教育政策研究。大學方面，我捍衛學術自由，在教院風波，以微薄力量抗衡羅范椒芬為首的強權欺壓。一直為中小學和特殊學校爭取小班教學，改善教師編制，反對縮班殺校，要求撤回德育及國民教育科，反對洗腦教育。在幼教方面，積極爭取 15 年免費教育，直接資助幼師薪酬。我關心教育和學生，支持民主與公義，要求落實真普選，平反六四，建設民主中國。我承諾如能當選，定必履行教協會政綱，在立法會發揮教育界專業力量，請支持我為同工服務，謝謝！,,功能
何俊仁,民主黨,毋畏強權，向不義挑戰幾許風雨，爭取真民主1 民主、自由及自主※反對中央干預香港內政；捍衛法治及司法獨立，保障人權自由※落實 2017 年以公正開放提名方式普選特首、不遲於 2020 年廢取功能組別2 社會公義及人文價值※縮窄貧富懸殊、扶助弱勢※消除任何形式的歧視，合理分配社會資源3 經濟發展及環境保護※維護公平競爭，打破地產、金融及公共事業霸權※為本地產業提供發展機會※保障消費者權益※改善空氣質素，推動綠化九月九日請投何俊仁團隊信任一票,,區議會（第二）
馮檢基,民協,為民主今次超級區議會選舉，將由 320 多萬選民選出 5 席，是香港有史以來最多市民可以投票的選舉，意義重大，結果將被視為市民是否支持普選的指標。雖然選情艱鉅，若我放棄出戰超級區議會，等同將最後一席送給建制派，因此我決意出選，向建制派宣戰，全力為民主派爭取第 3 席。為民生民協重視民生工作，除了在議會推動改革完善政策，我亦開辦社會企業、職業訓練中心及社會服務中心，將服務市民的理念加以實踐，讓弱勢工友和基層市民能發揮所長，靠雙手自力更生。力爭泛民第 3 席,,區議會（第二）
涂謹申,民主黨,親愛的香港市民：你可能會問我，「為香港，做該做的」，即是做什麽？我自 1991 年循地區直選進入立法局，服務市民至今 21 年，和大家一起成長，歷盡風雨：97 回歸、反廿三條惡法、沙士事件、雷曼爆煲、菲律賓人質慘劇，以至近期的政府誠信問題、國民教育等等。在這些關鍵時刻，我都在崗位上，做該做的，捍衛我們的核心價值。未來，我們還要面對國民洗腦教育、2017 年特首選舉、廿三條立法重臨等艱鉅挑戰。懇請大家讓我繼續站在最前方，為你們遮風擋雨。我保證，我會秉持大家對我的信任，繼續風雨同「涂」，為香港人，做該做的！今屆立法會選舉，選民手上都有兩票，希望你和家人，能將區議會「第二」功能組別，即「超級區議會」的一票，全投給我，讓我堅定地監測新政府，守護我們香港人的核心價值。涂謹申,,區議會（第二）
郭榮鏗,公民黨,"Rule of Law, Democracy, Freedom, Social Justice   Together we can build a fairer society and defend our Core Values - to make them live on for Hong Kong. I pledge to: 1, Dedicate myself to the work of legislature and to serve as an effective check and balance on executive power 2, advocate for every measure that strengthens the rule of law and the independence of the Judiciary 3, Assist both branches of the profession to broaden and enhance their practice 4, Defend our constitutional arrangement under the Basic Law, and advance democratic reform and the abolition of all functional constituencies.",有關資料只有英文版本,功能
湯家驊,公民黨,請投公義一票！為「拉近貧富懸殊，重建社會階梯」出一分力！爭取公義，是我們參政的基本理念。公義不單只是指民主制度，更重要的是社會公義；公義的主要原素是平等機會，有平等機會，才有社會階梯。曾幾何時，香港處處充滿機會。只要願意努力，總會有回報、有向上流動的一日；縱未至人人高薪厚職，安居樂業總不成問題。反觀今天，香港變了。大部份人苦無向上流的機會，機會被權貴私有化，公義受到蠶食，特區政府是其中一個始作俑者。我們的目標非常清晰 ：重建社會階梯，讓市民有向上流的機會。我們認為，必須先從社會最基本的條件入手，逐步令市民得到均等機會，提升生活質素，發展所長，最終令到貧富懸殊得以紓緩。我們會在議會內外努力不懈，大膽謹慎地引進新思維，期望為香港、為下一代帶來轉變。請支持湯家驊、楊岳橋！讓我們一起改變香港！,,地區
莫乃光,獨立,莫乃光 堅持、專業、 民主四年困局 ，一起衝破！請支持真正泛民候選人！支持團體：IT Voice 2012 及 公共專業聯盟,,功能
李國麟,獨立候選人,請支持我競逐連任…過去八年，在您的支持和大家的共同努力下，我們成功推動了不少改變。我期盼能繼續獲得您的支持與信任，讓我未來四年能繼續為您服務，為業界推動更多改變，並讓改變延續﹗在未來四年，我承諾繼續：提昇專業地位完善人力資源規劃優化各層醫療衞生服務關顧老弱、保護殘障確立雙普選路線圖競逐連任 延續改變,,功能
梁繼昌,候選人並未提供有關資料,優化業界營運 善待會計精英 爭取全面普選 落實還政於民 推動多元經濟 爭取公平競爭,,功能
曾鈺成,民建聯,未來數年，是香港落實普選的最後階段。在迎接普選的時候，香港要面對政治、經濟和社會發展的重大挑戰。立法會是代表市民意見、監督政府施政的機構。香港在未來的日子能否繼續取得成就，立法會的表現將是關鍵因素。立法會要有效地運作，發揮它的憲制作用，需要一個公正持平、熟悉法律和程序、有能力、有承擔的立法會主席。,,地區
梁家騮,不適用,我在 97 年已開始為大家爭取一個更合理、穩定的工作環境。過去四年，在立法會所推動的政策研究包括：．回購領匯．立法制定標準工時．整體規劃公私營醫療人手，反對盲目輸入海外醫生．改革醫管局，檢討資源分配，外判公共醫療服務，聘請兼職醫生．增加醫療劵金額．醫療保險及開支扣稅．私家醫院土地供應．自願醫保計劃．醫療集團監管這些政策，部分已納入政府施政議程。有你的一票，我定可落實這些建議，並繼續以獨立、理性的態度，監察政府施政。,,功能
林大輝,沒有,我的承諾 言出必行1. 虛心聆聽廠商會和工業界的意見。2. 與廠商會和會員保持緊密的聯繫。3. 全心、全意、全職為廠商會和社會各界服務。4. 合情、合理、合法為廠商會和工業界爭取權益。5. 成為特區政府、工業界和廠商會之間的溝通橋樑。全力向政府爭取．創造良好營商環境，以實體經濟和中小企為軸心，促進產業平衡發展。．制訂工業發展政策，修改稅例第 39E 條，協助業界升級轉型、開拓內銷及發展品牌。．配合香港與內地經濟融合，放寬港人在內地停留逾 183 天的課稅規定。．切實解決 CEPA「大門開，小門未開」問題，優化駐內地辦事處職能。．持續協助中小企融資，提供經濟誘因鼓勵研發，提升競爭力。．優化「活化工廈計劃」，放寬申請限制。．為中小企增設展銷平台，促進出入口貿易。．調低利得稅稅率，對中小企和微型企業提供稅率優惠，協助持續發展。．大力投資教育，解決青少年失業失學問題，為香港培育多元化人才。．著力化解社會矛盾，紓解貧窮問題，減輕中產負擔，維持社會和諧穩定。,,功能
方剛,自由黨,絕不會盲目支持政府政策，不採激進手法與政府抗衡。以持平態度平衡各界利益，理性爭取經營空間與政策。不姑息不良商人影響香港，維護香港購物天堂保優勢。積極推動經濟的持續發展，鼓勵商界回饋社會利和諧。,,功能
田北俊,自由黨,9 月 9 日 請投田北俊團隊一票田北俊周梁淑怡 梁志偉 廖國華堅守底線不容兩制動搖 向破壞核心價值 say no!不容騎劫法治 向濫用司法覆核 say no!不容議會變質 向暴力滋事政治 say no!不容發展受阻 向拖住經濟後腿 say no!自由黨 - 我哋敢 say no!,,地區
田北辰,新民黨,民主：推動優質民主，秉持凡事親道理，不傾向個別利益階層的作風，透過理性議會文化，推動香港整體長遠發展。經濟及就業：推動產業升級轉型，協助企業善用科技及創新，發展多元經理，不適合主流教育「低分高能」一類人士提升就業質素，搭建向上流動的階梯。教育：提升香港整體語文水平，加強在學及持續語文教育，推廣社會語言環境。環保：落實環保長遠策略，支持於石鼓洲興建現代化焚化爐，以海路運送廢物，盡量減少堆填區。醫療：關注新界西醫療資源分配嚴重不公，監察全港醫療資源分配，確保區內居民獲得與其他區看齊的公營醫療服務質素及輪候時間。交通：提升交通服務水平，解決巴士嚴重脫班問題，促港鐵增設「全港通」月票等，協助新界西市民跨區就業。社會福利：關愛社會弱勢，責成政府堵塞福利網的漏洞，包括照顧長期遭忽略的 N 無人士。長者福利：以三級金額制的頤老金，保障長者基金生活質素。人口政策：訂定長遠人口政策，提升人口質素，切實處理居港權帶來的深遠問題，堅拒外傭取得居港權，並限制雙非孕婦來港產子數目。,,地區
劉皇發,經濟動力,秉承新界人愛國愛港愛鄉的傳統，捍衛貫徹落實基本法，全力支持和配合特區政府依法施政，促進社會和諧穩定。並督促政府落實「發展新界、繁榮香港」的目標，為新界居民締建福祉。,,功能
石禮謙,獨立,致力經濟發展 促進改善民生監察政府施政 謀求社會共贏- 推動有利建造業進步和發展的各項政策措施，要求政府為提升本地建造業工程品質、成本效益、效率、職業安全及科技應用等方面對業界有更多的支援與合作。促請政府採取措施，同業界一起改善行業工人老化情況，以利業界長遠發展- 要求政府增加公營房屋興建量，儘快改善基層住屋狀況；要求儘快考慮輸入外地勞工，以助本港基建工程順利進行；要求政府工程招標時切實考慮建造成本上升因素，合理釐定投標價格- 要求政府就付款保障立法- 反映業界對房屋土地政策的意見，特別注重對與業界有關的法案及政策措施的審議和監察- 促請政府改善行政程序，提升效率，加強土地規劃，推動新界農地發展，推動提升市區土地利用率政策措施的制定- 提倡溝通對話，謀求互諒合作，促進和諧共贏,,功能
陳婉嫻,工聯會,全面檢討僱傭法例 保障勞工權益．訂立標準工時．爭取最低工資時薪不少於 33 元．盡快落實交通津貼雙軌制．增加勞工假期至 17 天制訂長遠房屋策略 協助市民安居樂業．增建公屋 縮短輪侯時間．維持私人樓市平穩發展．增加居屋供應 調高入息及資產限額發展本土文化經濟 創造多元就業．爭取土地規劃 以創造就業為先．推動六大優勢產業．創造綠色、環保、創意職位．保障小商小販生存空間改善貧富懸殊 建立退休保障制度．加快「扶貧委員會」的工作．訂立長遠福利政策．盡快落實生果金增加至$2200．設立綜合退休保障方案．容許居住在廣東省以外的本港長者可領取生果金鼓勵進修 減低青年失業率．立法規定在職人士享有 3 天「有薪培訓假期」．增加進修開支的相關免稅額．檢討現時多項有關青少年培訓計劃,,區議會（第二）
葉劉淑儀,新民黨,葉劉淑儀團隊講真話•做實事─愛家•敬老•扶幼─推動優質民主─改善空氣質素─提升教育水平─發展多元經濟─支持科技創新詳細政綱 www.votenpp.org/HKI,,地區
鍾國斌,自由黨,實踐承諾過去四年， 我以誠懇態度了解業界所需所求，並積極參與同行業有關的公職，目的是實在地體會行業的危與機，繼續兌現當年選舉承諾，以實踐印證參選初衷。既定方向今天，香港紡織及製衣業轉型事在必行，由原創意念、設計開發、生產至品牌營銷，全方位打造香港成為時尚之都。因此我聯繫各方，建立不同的平台支援行業發展，冀為行業發掘業務良機。繼往開來未來，我若成功當選，將爭取成立“服裝業發展委員會＂，統籌及研究制訂有利行業的發展路向。此外，我亦主張整合現行有關行業的政策及延續推行中之支援計劃，將特區政府提倡的六大優勢產業，充分與時裝業互相融合發展，發揮相輔相成之效。,,功能
張宇人,自由黨,做好營商環境 不要百上加斤我的政綱﹕反對最低工資再加，要求維持時薪$28要求中央勞保，確保收費合理關注舖租昂貴，要求回購領匯要求輸入外勞，解決人手短缺反對標準工時立法反對雙重垃圾收費，要求先減差餉力促放寬活雞限額，開拓肉類供應來源反對電費加價，要求開放電力巿場推動小販攤檔巿場優化，加強社會上游動力改善飲食業營商環境，力保香港美食天堂地位,,功能
梁美芬,西九新動力,我們繼續……專業後盾 服務社群 為基層為中產發聲維護香港核心價值•維護法治、民主、自由、人權、公義。•監察政府施政。•反貪腐、倡廉潔。 反議會暴力。•反對外傭享永久居港權。反「雙非」闖關。•維護一夫一妻制。維護婦女兒童權益。•根據《基本法》盡快落實雙普選。關注民生•增建公屋，盡快復建居屋。•遏抑加風，規限公共事業加價，打擊壟斷。•要求政府採取措施遂年降低貧困率。•減輕中產稅務負擔。•特惠生果金（長者生活津貼）免審查及擴大長者回鄉養老計劃範圍。•盡快成立委員會研究改善退休保障制度及標準工時等問題。•檢討強積金制度。•爭取十五年免費教育及增加幼師資源。•關注青年學業、就業、置業、創業問題。要求政府設立青年創業基金。改善環境 提升市民生活質素•把握新區開發，帶動周邊舊區活化實現新舊區共融。加快舊區重建。•爭取九龍西海濱長廊分段開發和加快貫通。•關注環保及公共衛生，消除海水臭味、反對再建「屏風樓」、加強節能減排措施。•監察高鐵、沙中線、觀塘延線、西九文化區及啟德發展各項工程進行，爭取盡量減少工程開展而對環境及交通的影響。•爭取為九龍西鐵路沿線加設減低噪音設施。•爭取立例禁止「骨灰龕」在民居開設。•爭取盡快立例管制光污染及檢討噪音條例。堅守九龍西 做事最實際,,地區
蔣麗芸,民建聯,攜手同心 做得更好香港社會在過去四年飽受衝擊，立法會充斥著「對抗」、「拉布」文化，「外傭居港權」、「港珠澳大橋」官司影響香港經濟發展；新政府雖然剛剛就任，但施政已經舉步為艱，挑戰重重。這種情況對香港是百害而無一利。在街上，我們聽到不少市民表示，若香港繼續陷入政治困局，社會發展只會更沒前景，年青人更加沒有出路。更多人關心地道：「為何我們不能夠理性務實，團結齊心，一齊為建設香港齊心打拼，一齊守護及推動香港再出發？」監察政府，是否便要打擊政府，癱瘓施政?民建聯過去一直堅守「真誠為香港」的信念，以「是其是•非其非」的原則監察政府。要抗衡極端偏激的力量，讓香港走出困局，我們需要您的支持。「為香港•用心做」，議會需要更多建設的力量，請支持理性務實的候選人，請支持民建聯蔣麗芸團隊。,,地區
陳克勤,民建聯,"陳克勤團隊參選政綱（撮要）：1. 公佈 10 年住屋計劃，落實增建公屋，每年提供 5,000 個居屋單位，加快興建青年宿舍，以及重推夾屋。2. 盡快落實向合資格長者發放每月 2,200 元特惠生果金，研究向經濟較困難的長者，發放更高額津貼，優化現時在內地申領生果金的安排。3. 抗擊通脹，檢討港鐵的票價調整機制，以及調低電力公司的利潤上限。4. 爭取多元化交通選擇，打破港鐵壟斷新界對外交通的現象。5. 增撥資源改善公共醫療服務，增加普通科門診名額，改善公營牙醫及中醫服務。6. 以法律途徑徹底解決雙非孕婦來港產子問題，並跟進各項因雙非而引起社會影響。7. 改善空氣質素，提出全面廢物管理策略。8. 完善規劃，釋放邊境土地，開放沙頭角，把握新界的發展機遇。9. 落實免費幼稚園教育，壓抑教科書價格，增加大學資助學位，優化大專學生的貸款計劃。10. 設立中產委員會，扶助中產向上流動，透過擴闊薪俸稅稅階、提供 25 年住屋開支扣稅及退還地租等，減輕他們的承擔。",,地區
黃國健,香港工會聯合會,爭取標準工時立法爭取最低工資不少於 33 元，並每年進行檢討爭取增加勞工假期至 17 天，與公眾假期看齊要求立法推行 7 天男士有薪侍產假要求成立三層次的集體談判權架構要求檢討《僱傭條例》中「418 連續性合約」的規定要求取消強積金與長期服務金、遣散費對沖爭取設立「勞、資、官三方供款的退休保障綜合方案」爭取所有病假可領取全薪的疾病津貼爭取實施申請「鼓勵就業交通津貼計劃」雙軌制,,地區
李慧琼,民建聯,超越對立愛護香港香港是我們的共同家園，要我們細心愛護。我們堅信，香港人之間不存在你死我活的對立。我們必須超越對立，一起落實普選，維護港人自由與權利。我們必須在經濟發展中彰顯公義，關顧弱勢。我們必須為市民創造更多就業和創業機會，不再是金融地產獨大。我們必須保障香港人享有的房屋、醫療、教育資源不受影響。我們必須維護立法會正常運作，真正守護市民利益。,,區議會（第二）
廖長江,候選人並未提供有關資料,若成功當選成為功能組別商界（二）的立法會代表，本人定當全力以赴，反映功能組別商界（二）的意見和訴求，及以香港社會整體利益為依歸，旅行立法會議員的職能和監察政府施政的職責。,候選人並未提供有關資料,功能
陳健波,無黨派候選人,推動社會瞭解及認同保險業之貢獻．發展有利營商環境，令監管機構明白監管與發展同樣重要．確保獨立保監、保單持有人保障基金及醫保計劃推行細節得到業界認同．開拓中港保險商機，包括進入廣東省及前海開展業務．爭取落實保費扣稅建議．打擊保險詐騙,,功能
易志明,自由黨,航運交通貫天下 產業就業闖高峯本人擁有超過十八年的公共交通及物流相關業務實質工作經驗，並持有工業工程學士及工業管理碩士學位，亦是香港運輸物流學會資深會員，自二零零六年起獲選為常務委員，參與相關政策建議等工作。並於近年兩度組織航運交通界之訪京團、與中央各相關部門溝通及反映業界面對之各項困難與挑戰。我希望能在新一屆立法會與業界同寅共同協作，監察政府推行相關政策，反映意見，推動產業發展，令香港成為全球客、貨運樞鈕之一及為業界創造更多就業機會。請大家投我一票！謝謝！,,功能
陳恒鑌,民建聯 / 新界社團聯會,向前．香港不能再「拖」對於近年香港的社會問題，不少市民的感受就是一個「拖」字，社會對各種問題爭持不休、內耗不斷。雙非問題「拖」、港珠澳大橋「拖」、市民住屋問題「拖」、貧富差距問題繼續「拖」……市民的急切問題得不到有效解決。鄰近的地區和國家正在高速發展，倘若我們不集中精神解決社會內部矛盾及提升香港整體競爭力，香港將陷入不進則退的境地。陳恒鑌團隊希望透過進入立法會，以多年服務市民的經驗和年青幹勁為立法會注入新力量、新思維，與香港市民齊心向前！「基層生活要向前」——提升市民生活保障「生活質素要向前」——以專業規劃未來「青年發展要向前」——開拓公平發展空間「民主政制要向前」——為雙普選做好準備,,地區
鍾樹根,民建聯,"各位港島區的選民：民建聯真誠為香港二十年，我鍾樹根等七位區議員和各位風雨同路二十年，＂服務港島, 我們最強＂！當今議事堂上，虛耗令人惋惜，歪風讓人厭惡。我們是時候重新起步，進軍立法會！我們現在站在新起點上, 全憑９月９日你的一票，未來四年，社區繼續有我們的汗水，議會中更有你們的聲音 ！",,地區
林健鋒,經濟動力,拉動經濟引擎 提升企業動力監察政府施政，促進經濟動力力爭寬減措施，確保企業融資暢通監察《競爭法》的落實，助企業提升競爭力反對標準工時倉促立法，制衡最低工資過度升幅改善空氣質素，營造良好營商環境推行醫保退稅，減輕中產負擔增建國際學校，吸引海外人才,,功能
謝偉俊,獨立候選人,革新．富革新精神特立獨行、勇於創新、敢於破格．有革新往績法律行業(高透明度、合理收費)旅遊業(危機應變、監管機制)．未來四年革新目標九龍東旅遊、經濟、就業、民生公義．不畏權貴，據理講法，敢於彈劾．維護法紀，儆惡懲暴，肅貪倡廉．重視程序公義，確保議會尊嚴．反對濫用法律，捍衛港人權益健康民主．民主而不民粹；反對暴力政治．沒有文明，哪有民主．尊重少數，避免「大多數暴政」．理性包容;「協商政治」．培育優質公民；提升政治觸覺人民律師 法律超人正 直 - 不止於彈劾特首．曾蔭權收受不當利益，我率先「彈劾」．「西九門」調查，我敢於「遺憾」梁振英，開立法會先例敢 言 - 更無懼直斥暴民．警隊一哥被公然襲擊侮辱，眾人噤若寒蟬，我毅然挺身報案理 性 - 慎密周全，不人云亦云．一窩蜂要調查甘乃威時，有被告無原告，為省公帑，我叫停．眾高官嚮往無敵海景新總部，我動議停建添馬艦，賣作商業用途，令庫房多收數百億造福市民批 判 - 獨立思考，善審時度勢．「遞補機制」極大爭議中倉卒提案，我堅持廣泛諮詢．「五司十四局」打尖議案，為程序公義，我投關鍵反對票新一屆立法會更需獨立果敢議員全靠您！www.votepaultse.org,,地區
吳亮星,獨立人士,擁護一國兩制、港人治港，按基本法辦事。積極維護香港法治社會的公平、公正以及廉潔的核心價值，對特區政府依法施政發揮建設性的監督作用。加強與監管機構溝通，爭取最有利於金融業經營及發展的監管環境。積極促進香港與内地金融合作。凝集業界力量，推動香港離岸人民幣業務發展，以強化香港金融中心地位。,,功能
謝偉銓,獨立,同行同行 業界同行新思維 進取代言無懼畏,,功能
馬逢國,新論壇,一個文明進步城市的居民，應該能展現健康活力和有涵養的形象，享有充份鍛鍊身體和精神生活的空間及權利。體育運動應朝普及化、精英化協調發展；文化活動應由民間廣為推動，政府需要提出長遠的體育、文化政策，給予運動員、藝術家和民間團體充份支援，推動更多盛事，締造香港成為活力之城、魅力之都，並採取積極的措施，為業界開拓內地市場和活動空間。界別主要政策目標及方向體育：成立專責的政府部門，制訂及落實長遠體育政策，透過經濟、空間、政策資源的投入，調動更多商界及民間的力量，朝普及化、精英化、盛事化發展，提升社會凝聚力，促進本港與其他國家及城市的聯繫。文化：與業界攜手，採取主動，爭取為文藝工作者和民間團體提供充分發展的空間和資源，提升市民在文化上的參與，迎接正在落實的西九計劃和內地文化發展的新機遇和新挑戰。演藝：支持本地影視和音樂製作，爭取進一步降低進入內地市場的限制，加強人才培訓，想方設法讓香港電影可以回流，爭取措施確保業界後繼有人，培育新一代音樂人和音樂新平台，尊重創作人的知識產權，延續香港演藝事業和文化產業的傳奇。出版：維持本地出版的競爭優勢，加強管理、編輯、設計、電子出版人才的培訓，積極開拓內地及海外市場，關注CEPA 中支援出版界的措施，提升香港作為華文出版中心及圖書集散中心的地位。,,功能
鄧家彪,工聯會,1. 訂立標準工時2. 爭取每年 17 天勞工假3. 最低工資每年檢討4. 全面檢討《僱傭條例》，正視「非正規僱員」保障問題5. 增加公務員編制，改良公務員薪酬及職系架構6. 健全公務員醫療服務7. 創造就業，推動支柱產業升級及新興產業發展的人力資源8. 適時推出紓緩通脹及民困的措施,,功能
郭偉强,工聯會,1. 訂立標準工時2. 爭取每年 17 天勞工假3. 最低工資每年檢討4. 全面檢討《僱傭條例》，正視「非正規僱員」保障問題5. 增加公務員編制，改良公務員薪酬及職系架構6. 健全公務員醫療服務7. 創造就業，推動支柱產業升級及新興產業發展的人力資源8. 適時推出紓緩通脹及民困的措施,,功能
葛珮帆,民建聯,用心 拼搏拼搏，是香港人的特質，帶領我們迎難而上。只有用心，才能突破創新，發揮極致，盡展才能。昔日香港的成功，依靠的就是香港人奮力向前，用心拼搏的精神。我們要用心為香港的未來發展做好計劃，為市民打造更優質的居住環境，為香港下一代打拼。我們需要有能力的領袖，專業理性的議員，以新思維，落實新政策，為香港的未來用心拼搏！香港生活要更優質！香港要贏！,,地區
姚思榮,無,1. 推動政府制訂長遠旅遊發展規劃2. 捍衛香港旅行社的權益3. 提升香港酒店和航空樞紐競爭力4. 監察未來旅監局及 TIC 的運作5. 促請政府切實解決民生問題,,功能
梁志祥,民建聯,各位親愛的市民：過去幾年，香港整體的民生工程、經濟建設因為政治內耗而停滯不前。新界西被定為偏遠地區，更談不上新發展，白白浪費優越的地理優勢。作為民建聯及新社聯的團隊，我們理性，包容，公共服務經驗豐富，我們反對粗暴極端的政治手法，我們主張行政與立法應該互相監督也互相促進，這才能真正保障香港人的權益，才能促進新界西的建設。懇請所有支持建設力量的市民，支持我們這支團隊，共同啓動香港新的發展！謝謝！梁志祥 曾憲強 呂堅 李美辰 黃煒鈴 徐君紹 敬上政綱簡要增加樓宇供應改善公共醫療完善社會保障打破領匯壟斷加快新界基建促進本區就業反黑金 反暴力 推進良好管治懇請所有元朗及離島(鄉郊區) 支持民建聯及新界社團聯會的朋友 全投梁志祥團隊。謝謝！,,地區
葉國謙,民主建港協進聯盟,區議員是基層民意的代表，紮根地區，熟悉區情民意，區議會除作為市民和政府溝通的橋樑外，還肩負著監察政府運作和有效施政的工作。區議會議員是政府地方行政的重要伙伴，我承諾要把區議會的聲音帶進立法會。今次參選政綱包括四大範疇提升區議員監察政府施政的能力；提高區議員社會地位；加強區議會與政府、行政會議和立法會的聯繫；改善對區議員的支援。香港是我們共同的家園，讓我們攜手並肩，共同建設一個民主、公平、公義、有競爭力的香港！請投葉國謙信任的一票,,功能
王國興,工聯會,酬勞：爭取公平、合理酬償制度，讓努力工作者能按勞有所得。機會：推動就業和發展機會，讓社會不同階層皆可向上流動。尊嚴：維護為香港作出貢獻的勞動者和退休人士，生活有尊嚴和受到社會尊重。同理心：促進社會同理心，包容多元，尊重差異，和衷共濟。閒暇：優化社區生活空間，倡議家庭友善的就業環境，讓打工一族生活作息平衡。,,地區
麥美娟,工聯會,工聯會 撐勞工 為基層爭公道 為民生 硬淨！2012 立法會選舉新界西候選人麥美娟 陸頌雄 陳文偉 葛兆源 鄧焯謙信心，來自工聯逾半世紀實幹耕耘。工聯會一直與打工仔同步同心。但今日香港長工時、貧富懸殊、財團壟斷、物價飛漲，尤其新界西居民面對昂貴交通費，怎捱也無力安居，根本無「公道」可言！要爭取公道就非硬淨不可，只要大家團結一致，就可扭轉基層弱勢，我麥美娟秉承工聯精神，與四位有理想的新界西年青區議員，走在直選最前線，誓將基層聲音帶到議事堂，為公道、為民生爭取到底。,,地區
梁君彥,經濟動力,發展工業 創新產業 培育人才 維持動力 為香港增值1.未雨綢繆做好應變2.推動香港高新科技3.建設港資工業園區4.制訂工業用地政策5.推動工業升級轉型6.培育新興產業人才7.大力發展綠色經濟8.鞏固粵港合作關係,,功能
潘兆平,港九勞工社團聯會,立法制定標準工時、統一法定假期與公眾假期、設立侍產假修訂僱傭條例及僱員補償條例，加強保障零散工及合約僱員捍衛公務員及資助機構員工合理權益，檢討服務外判設立失業貸款基金，紓緩僱員失業壓力確保本地工人優先就業，檢討輸入勞工及相關政策取消強積金對沖機制，為非在職及非在學勞動人口設立強積金設立有薪教育假期，鼓勵僱員進修設立中央補償基金，擴大職業病附表的保障範圍推動家庭友善僱用政策，關注青少年成長爭取職工會的認可權、集體談判權、罷工權促進香港民主進程，盡早落實雙普選設立全民退休保障，確保老有所養檢討稅制，設立資產增值稅，縮減貧富差距,,功能
陳鑑林,民建聯,「實際」並不只是一個口號，而是我們從政的態度。參政議政，要有理念，更要實幹。正所謂「講多無謂，行動最實際」，「有講有做」是民建聯團隊的行動指南。一切從「實際」出發，無論是九東的規劃、慈雲山的扶手電梯系統，只要是關乎到市民的福祉，香港的發展，事無大小，我們都積極反映，認真落實，而成績是有目共睹的。我們是一支理性務實的團隊，有共同的抱負，秉承民建聯「真誠為香港，實際•為民生」的理念，努力為香港打拼！懇請大家繼續支持我們，憑藉我們的網絡、經驗和熱誠，繼續為市民打拼，與大家一同迎接未來的挑戰。政綱重點：推動九東發展：把握啟德新區發展及「起動九龍東」的機遇，帶動舊區發展，創造就業機會。改善住屋問題：增加房屋供應量，穩定樓市；盡快落實「新居屋計劃」；增建公屋；重售公屋。加強醫療服務：完善九東醫療配套；增撥資源、增聘人手，縮短輪候時間，盡快落實聯合醫院擴建。完善社會保障：檢討強積金制度；建立退休保障制度；保障僱員權益；爭取 15 年免費教育。發展長遠經濟：扶助中小企，改善市場營運環境；落實中央惠港政策。,,地區
張華峰,無,本人從事金融業四十餘年，視證券業為終生事業，對行業有深刻的了解，處事一向敢言、直言。我將致力爭取香港證券業能在內地合法開展金融業務。同時，我會促請政府在提升香港金融中心競爭力之餘，能營造一個公平競爭的良好營商環境，制定適當政策保障本地業界應有的權益。本人定必用真誠謙卑的態度為業界、為市民發聲，以創造和諧穩定的社會為本，克盡己責，同業界攜手服務大眾。,,功能
何俊賢,民主建港協進聯盟,「變 新」總綱︰以「新理念」、「新規劃」謀求業界可持續發展敦促政府重視漁農產業，設立長遠可持續發展的漁農政策，加強對漁農業支援。為漁農業界爭取權益，推動政府規範化管理，改善漁農作業環境，提昇環保政策。「新理念」促請政府增撥資源予大學、學術團體及業界團體發展業界的研究，改善技術及業界的經營環境。更應開設學位及為業界培訓相關專業人才。「新規劃」促請政府檢討漁農用地政策，活化及開發漁農用地，研究利用堆填區、政府閒置土地、沿岸島嶼等可用地設立綜合漁業生態莊園，農業生態農莊，並結合環保減炭教育活動。創新業界發展空間，建立食物 {由餐桌到農場} 來源的本地安全可靠品牌；培育新的經濟增長點。促請政府推動漁農業高科技化、集約化的（兩化）建設，使行業走向更高效率，擴濶業界發展空間。「求共識」促使两地政府加強與業界溝通協調，關注解決兩地漁農業政策或法律法規差異存在的矛盾，如︰發牌政策、執業牌照等問題，積極為業界爭取更多政策優惠。,,功能
黃定光,民建聯,我已擔任立法會功能組別進出口界議員八年，過去我致力加強與業界溝通、維護業界合理權益、促進經濟長遠發展、監察政府依法施政，得到廣泛業界和市民的支持和認同。立法會今年換屆，我再次參選，希望繼續為業界謀福祉，服務社會。現時香港面對政治爭拗不斷，內耗深陷；經濟受歐美經濟危機影響，又面對經營成本迅速上漲，利潤薄弱；加上香港經濟結構單一，缺乏多元及長遠規劃；社會貧富懸殊，低下階層缺乏向上流的機會.....。面對如此困局與挑戰，我會以務實、包容和真誠，盡力提出改善建議，促進社會長遠發展。我作為立法會功能組別進出口界候選人，更關注經濟發展，促請政府積極推動產業多元化，以開拓更多商機及增加就業空間；為中小型企業提供適切的支援，提升其競爭力；配合國家“十二•五＂規劃，推動區域合作，進一步鞏固香港的經濟地位。希望在未來的日子裡，我盼能與社會各界共同努力，切實落實「一國兩制」，把香港建設成繁榮、安定、公正、和諧的社會。,,功能
盧偉國,獨立候選人,「偉國」承擔•您我共贏全心 • 全力 • 全領域新意 • 新策 • 新工程務實敢言活力求真無黨無派推動民主爭取權益 提升地位工程業界薪火相傳攜手維護核心價值,,功能
譚耀宗,民建聯,各位親愛的市民：香港正面對外圍經濟不明朗及鄰近地區急速發展的巨大挑戰，我們不應該再讓一些激進、粗暴及極端的政治勢力，加劇社會的對立及內耗，令香港社會停滯不前，失去一個又一個寶貴的發展機會。民建聯作為一個有承擔的政黨，過去 20 年來，一直以理性、務實、包容及進取的態度，與市民就改善民生、促進民主、改善政府施政及優化社區環境作出努力，為港人謀求最大的福祉。我們懇請您在 9 月 9 日的立法會選舉中投票支持我們，「團結創新天」，共創更美好家園！謝謝！譚耀宗龍瑞卿、葉文斌、巫成鋒敬上參選政綱：縮窄貧富差距照顧各階層需要完善社會保障制度增加樓宇供應改善公私營醫療提升市民生活質素促進經濟發展推動產業多元化大力發展新界基建提高管治水平推進落實雙普選重塑理性政治文化,,地區